,City,Country,Temperature (F),Latitude,Longitude,Humidity (%),Cloudiness (%),Wind Speed (mph)
0,Castro,BR,67.83,-24.79,-50.01,90,92,7.83
1,Balclutha,NZ,53.97,-46.23,169.75,92,0,6.82
2,Kashechewan,CA,22.56,52.3,-81.62,83,76,11.18
3,Bredasdorp,ZA,59,-34.53,20.04,77,0,4.7
4,Ushuaia,AR,33.8,-54.8,-68.3,98,90,26.4
5,Tiksi,RU,7.71,71.69,128.87,90,64,3.91
6,East London,ZA,66.48,-33.02,27.91,100,0,5.82
7,Albany,US,42.1,42.65,-73.76,72,90,14.99
8,Port Blair,IN,83.71,11.67,92.75,100,0,3.13
9,Pidhorodne,UA,33.8,48.58,35.11,96,90,6.71
10,Hermanus,ZA,50.95,-34.42,19.23,94,0,2.91
11,Lluta,PE,64.4,-16.01,-72.01,31,0,11.41
12,Damaturu,NG,77.37,11.75,11.96,31,0,8.61
13,Asau,RO,46.4,46.43,26.4,100,75,6.93
14,Kapaa,US,74.35,22.08,-159.32,83,90,12.75
15,Qaanaaq,GL,-2.51,77.48,-69.36,100,24,12.19
16,Sao Miguel do Araguaia,BR,86.05,-13.28,-50.16,63,64,2.91
17,Felege Neway,ET,58.96,6.3,36.88,79,0,1.9
18,New Norfolk,AU,68,-42.78,147.06,49,0,11.41
19,Jamestown,US,46.45,42.1,-79.24,100,90,6.93
20,Vaini,TO,82.4,-21.2,-175.2,83,75,2.24
21,Puerto Ayora,EC,80.6,-0.74,-90.35,47,20,12.75
22,Rawson,AR,65.22,-43.3,-65.1,60,100,20.47
23,Atasu,KZ,25.08,48.68,71.64,89,56,16.22
24,Karratha,AU,66.61,-20.74,116.85,60,0,5.59
25,Makakilo City,US,78.37,21.35,-158.09,57,20,10.29
26,Rikitea,PF,73.18,-23.12,-134.97,100,48,18.45
27,Teknaf,BD,75.93,20.86,92.31,97,0,4.36
28,Butaritari,KI,83.22,3.07,172.79,100,20,4.92
29,Tsiombe,MG,63.91,-25.3,45.48,83,44,4.92
30,Socorro,US,65.61,31.65,-106.3,13,1,10.29
31,Anadyr,RU,28.4,64.75,177.48,92,90,42.5
32,Deer Lake,CA,37.4,49.17,-57.43,93,90,5.82
33,Barrow,US,10.4,71.29,-156.79,85,90,10.29
34,Mahajanga,MG,80.6,-15.72,46.32,83,40,6.93
35,Roald,NO,33.35,62.58,6.13,86,20,5.82
36,Punta Arenas,CL,40.83,-53.15,-70.92,100,36,37.02
37,Bluff,NZ,52.75,-46.6,168.33,100,0,13.09
38,Ólafsvík,IS,35.65,64.89,-23.71,100,64,4.7
39,Carnarvon,AU,66.57,-24.87,113.63,100,0,11.3
40,Kamaishi,JP,36.1,39.27,141.88,82,0,11.97
41,Bengkulu,ID,76.24,-3.8,102.27,100,92,8.16
42,Batemans Bay,AU,63.06,-35.72,150.18,90,12,2.8
43,Kaohsiung,TW,68.67,22.62,120.31,73,75,5.82
44,Kavaratti,IN,82.99,10.57,72.64,100,0,2.68
45,Meulaboh,ID,76.83,4.14,96.13,100,64,2.24
46,San Quintin,MX,76.51,30.48,-115.95,41,0,4.59
47,Tasiilaq,GL,17.6,65.61,-37.64,52,0,5.82
48,Ilulissat,GL,-2.21,69.22,-51.1,44,0,1.12
49,Vila Franca do Campo,PT,66.2,37.72,-25.43,82,40,6.93
50,Port-Gentil,GA,77,-0.72,8.78,88,90,3.36
51,Kavali,IN,74.22,14.92,79.98,93,92,0.89
52,Hualmay,PE,68.91,-11.1,-77.61,68,64,5.93
53,Cherskiy,RU,7.66,68.75,161.3,89,88,6.93
54,Upernavik,GL,7.21,72.79,-56.15,100,0,12.75
55,Smithers,CA,30.2,54.78,-127.17,100,90,2.24
56,Chimore,BO,72.91,-16.98,-65.13,99,92,6.38
57,Port Hardy,CA,44.6,50.7,-127.42,93,90,19.46
58,Mathura,IN,61.26,27.5,77.68,86,0,8.61
59,Murray Bridge,AU,62.65,-35.12,139.27,89,0,12.97
60,Tchollire,CM,73.41,8.4,14.17,72,0,2.46
61,Nouadhibou,MR,68,20.93,-17.03,82,12,10.29
62,Sorland,NO,41.28,67.67,12.69,100,80,12.41
63,Peniche,PT,54.54,39.36,-9.38,51,0,8.05
64,Thompson,CA,10.4,55.74,-97.86,72,90,16.11
65,Busselton,AU,60.54,-33.65,115.33,100,64,8.28
66,Yellowknife,CA,-7.61,62.46,-114.35,76,75,10.29
67,Nizhnekamsk,RU,32,55.64,51.82,98,90,13.42
68,Guaranda,EC,71.6,-1.6,-79,49,40,4.7
69,Khatanga,RU,-10.07,71.97,102.5,53,20,11.74
70,Chokurdakh,RU,10.09,70.63,147.92,81,80,13.42
71,Izumo,JP,44.6,35.37,132.77,75,75,19.46
72,Zarand,IR,21.66,30.81,56.56,67,0,4.7
73,Hilo,US,71.67,19.73,-155.09,61,1,9.17
74,Teriberka,RU,21.93,69.16,35.15,100,80,3.02
75,Damaia,PT,54.66,38.75,-9.21,51,0,8.05
76,Awjilah,LY,49.92,29.11,21.29,70,0,3.13
77,Cape Town,ZA,59,-33.93,18.42,87,0,5.82
78,Port Alfred,ZA,59.41,-33.59,26.89,98,0,4.47
79,Maumere,ID,80.97,-8.62,122.21,100,48,3.47
80,Jinhua,CN,3.21,41.43,128.03,58,48,7.27
81,Narsaq,GL,21.2,60.92,-46.05,62,68,4.7
82,Esperance,AU,57.34,-33.87,121.9,96,36,2.91
83,Barenburg,DE,39.69,52.62,8.8,86,75,13.87
84,Cumnock,GB,35.49,55.45,-4.27,69,20,8.95
85,Bara,NG,73.59,10.37,10.73,52,0,3.13
86,Chuy,UY,58.74,-33.7,-53.46,78,32,19.46
87,Ulaangom,MN,-14.89,49.98,92.07,54,8,1.9
88,Kruisfontein,ZA,57.12,-34,24.73,95,0,4.92
89,Amparihy,MG,71.6,-25.02,46.97,88,75,4.7
90,Berlevag,NO,32.59,70.86,29.09,100,92,5.93
91,Ewo,CG,70.98,-0.87,14.82,97,80,1.57
92,Pisco,PE,69.8,-13.7,-76.22,73,0,16.11
93,Longyearbyen,SJ,24.8,78.22,15.64,58,40,21.92
94,Adrar,DZ,57.2,27.87,-0.29,33,0,11.41
95,Cayenne,GF,82.4,4.93,-52.33,78,20,3.36
96,Los Alamos,US,46.53,35.89,-106.31,28,1,3.36
97,Sosnovo-Ozerskoye,RU,4.92,52.52,111.54,69,56,7.72
98,Camana,PE,63.46,-16.62,-72.71,98,24,8.16
99,Hokitika,NZ,58.6,-42.72,170.97,90,36,3.24
100,Belyy Yar,RU,12.2,53.6,91.39,85,68,2.24
101,Bajil,YE,66.88,15.06,43.29,84,0,3.8
102,Salalah,OM,78.8,17.02,54.09,69,0,4.7
103,Coahuayana,MX,82.4,18.73,-103.68,61,20,9.17
104,Yulara,AU,73.4,-25.24,130.99,69,40,9.17
105,Geraldton,AU,57.2,-28.77,114.6,87,64,6.15
106,Madang,PG,76.06,-5.22,145.8,100,56,2.8
107,Saint George,US,55.4,37.1,-113.58,16,1,3.13
108,Varnek,RU,14.28,69.71,60.05,100,20,8.72
109,Victoria,CA,48.56,48.43,-123.37,76,75,3.36
110,Georgetown,GY,86,6.8,-58.16,66,20,11.41
111,Luderitz,NA,59.46,-26.65,15.16,67,0,14.32
112,Atuona,PF,78.58,-9.8,-139.03,100,80,12.97
113,Tarn Taran,IN,51.69,31.45,74.93,76,0,2.91
114,Lata,PT,50,40.16,-8.33,93,20,2.24
115,Long Xuyen,VN,72.46,10.38,105.42,100,92,3.69
116,Yarada,IN,80.56,17.65,83.27,100,88,4.92
117,Fare,PF,78.94,-16.7,-151.02,100,44,21.03
118,Tuktoyaktuk,CA,3.2,69.45,-133.04,84,90,12.75
119,Ivanteyevka,RU,35.15,55.97,37.92,94,90,8.95
120,Ancud,CL,52.39,-41.87,-73.82,97,88,8.61
121,Bethel,US,48.67,41.37,-73.41,93,75,3.36
122,Cabo San Lucas,MX,90.48,22.89,-109.91,22,5,11.41
123,Tuatapere,NZ,51.13,-46.13,167.68,100,0,4.59
124,Alofi,NU,84.2,-19.06,-169.92,74,75,10.29
125,Jonkoping,SE,37.4,57.78,14.16,93,76,6.93
126,Cleburne,US,63.82,32.35,-97.39,39,1,23.04
127,Bure,ET,54.46,10.7,37.07,73,32,2.68
128,Alihe,CN,-15.47,50.57,123.72,65,0,5.7
129,Hobart,AU,68,-42.88,147.33,49,0,11.41
130,Kununurra,AU,80.6,-15.77,128.73,83,75,6.93
131,Tiznit,MA,47.13,29.58,-9.5,95,0,2.68
132,Tilichiki,RU,26.11,60.47,166.1,84,36,16.67
133,Norman Wells,CA,-5.81,65.28,-126.83,76,75,4.7
134,Rudnik,RU,5.86,69.75,61.65,82,44,5.37
135,Suntar,RU,-11.51,62.14,117.63,75,56,5.37
136,Marevo,RU,34.44,57.31,32.08,89,76,14.32
137,Saldanha,ZA,57.2,-33.01,17.94,82,0,3.36
138,Krasnyy Bor,RU,35.6,59.68,30.67,93,75,6.71
139,Dinguiraye,GN,76.38,11.3,-10.72,41,80,5.14
140,Praia,CV,77,14.92,-23.51,73,40,11.41
141,Grindavik,IS,29.84,63.84,-22.43,100,90,6.93
142,Faanui,PF,79.03,-16.48,-151.75,100,76,20.58
143,Mahebourg,MU,75.2,-20.41,57.7,88,40,5.82
144,Arman,RU,5,59.7,150.17,100,90,2.68
145,Nova Olimpia,BR,83.89,-14.8,-57.29,76,76,6.38
146,Shebunino,RU,30.25,46.43,141.86,100,80,13.42
147,Manta,EC,80.6,-0.95,-80.73,69,40,13.87
148,Tazovskiy,RU,0.96,67.47,78.7,73,80,7.05
149,Presidencia Roque Saenz Pena,AR,77.68,-26.79,-60.44,24,0,18.01
150,Sarahan,IN,-10.07,31.52,77.8,72,20,1.01
151,Nishihara,JP,65.16,26.18,127.76,59,75,19.46
152,Lakatoro,VU,79.98,-16.1,167.42,85,32,8.72
153,Starobesheve,UA,33.18,47.75,38.03,93,32,6.71
154,Dindigul,IN,77,10.35,77.95,83,40,2.13
155,Carauari,BR,88.03,-4.88,-66.9,66,36,0.67
156,Sulzbach-Rosenberg,DE,38.03,49.5,11.75,96,90,8.05
157,Sao Filipe,CV,77.46,14.9,-24.5,98,0,11.86
158,Namibe,AO,70.08,-15.2,12.15,100,0,3.58
159,Kostroma,RU,31.06,57.77,40.93,94,80,10.4
160,Fairbanks,US,-15.98,64.84,-147.72,75,40,3.36
161,Casablanca,MA,59,33.59,-7.62,93,20,4.7
162,Port Elizabeth,ZA,64.32,-33.92,25.57,100,0,8.05
163,Vostok,RU,-10.61,46.49,135.88,68,20,2.91
164,Severo-Kurilsk,RU,37.86,50.68,156.12,98,92,34.9
165,Beloha,MG,66.61,-25.17,45.05,73,36,6.26
166,Brae,GB,42.8,60.4,-1.35,81,76,19.46
167,Salinas,US,65.26,36.68,-121.66,45,1,9.17
168,Danilov,RU,30.25,58.19,40.17,91,80,12.19
169,Bathsheba,BB,82.4,13.22,-59.52,83,40,13.87
170,Palmer,US,39.76,42.16,-72.33,80,90,3.36
171,Verkhoturye,RU,27.64,58.86,60.81,88,20,7.38
172,La Ronge,CA,10.4,55.1,-105.28,66,20,4.7
173,Dikson,RU,-3.64,73.51,80.55,100,24,11.07
174,Garachine,PA,78.81,8.06,-78.36,100,48,6.93
175,Haines Junction,CA,4.6,60.75,-137.51,92,56,2.68
176,Talnakh,RU,-20.11,69.49,88.4,87,20,3.13
177,Edd,ER,68.41,13.93,41.69,51,0,6.15
178,Iqaluit,CA,14,63.75,-68.51,61,75,13.87
179,Balabac,PH,81.46,7.99,117.06,100,24,6.93
180,Saskylakh,RU,-0.4,71.92,114.08,77,64,7.49
181,Isangel,VU,74.31,-19.55,169.27,100,88,6.49
182,Te Anau,NZ,47.08,-45.42,167.72,91,24,2.46
183,Manicore,BR,90.28,-5.81,-61.3,59,24,2.24
184,Fairview,US,47.21,40.81,-74,81,90,11.74
185,Mecca,SA,68.86,21.43,39.83,74,0,0.11
186,Warrington,GB,44.98,53.39,-2.58,75,75,13.87
187,Provideniya,RU,35.52,64.38,-173.3,100,100,20.47
188,Bambous Virieux,MU,75.2,-20.34,57.76,88,40,5.82
189,Megion,RU,19.4,61.03,76.11,100,75,4.47
190,Necochea,AR,58.29,-38.55,-58.74,81,0,11.63
191,Revda,RU,30.2,56.8,59.93,86,75,8.95
192,Vanimo,PG,83.76,-2.67,141.3,100,48,12.64
193,Lebu,CL,55.59,-37.62,-73.65,98,0,14.32
194,Archidona,ES,47.21,37.1,-4.39,87,0,4.7
195,Cidreira,BR,70.98,-30.18,-50.21,77,92,10.63
196,Russell,US,53.6,38.9,-98.86,27,1,27.51
197,Neath,GB,47.07,51.66,-3.8,93,90,9.17
198,Buala,SB,83.31,-8.14,159.59,90,76,4.25
199,Hithadhoo,MV,82.86,-0.6,73.08,100,80,10.74
200,Najran,SA,57.2,17.49,44.13,35,0,2.57
201,Saint-Philippe,RE,74.35,-21.36,55.77,83,75,4.7
202,Shakawe,BW,66.12,-18.37,21.85,21,0,7.83
203,Kodiak,US,37.4,57.79,-152.41,59,1,11.41
204,Ponta do Sol,PT,66.2,32.67,-17.1,72,75,16.11
205,Jardim,BR,70.21,-21.48,-56.14,100,92,10.74
206,Guerrero Negro,MX,80.52,27.98,-114.06,54,32,2.91
207,Caravelas,BR,78.4,-17.71,-39.25,97,56,16.44
208,Hobyo,SO,78.36,5.35,48.53,80,0,17.34
209,Chakia,IN,65.98,26.42,85.05,79,0,4.92
210,Buk,PL,38.37,52.36,16.52,93,75,12.75
211,Hambantota,LK,79.84,6.12,81.12,100,0,4.03
212,Lagoa,PT,66.88,39.05,-27.98,100,76,18.9
213,Ojinaga,MX,78.31,29.57,-104.42,16,0,7.38
214,Bangassou,CF,73.23,4.74,22.82,92,80,3.24
215,Marfino,RU,35.17,55.7,37.38,86,90,6.71
216,Clyde River,CA,-18.41,70.47,-68.59,75,40,0.78
217,Portland,US,49.12,45.52,-122.68,62,75,5.82
218,Dois Vizinhos,BR,68.41,-25.73,-53.06,97,92,5.59
219,Puerto Madryn,AR,66.66,-42.77,-65.04,54,92,24.72
220,Maniitsoq,GL,10.36,65.42,-52.9,100,0,9.95
221,Lorengau,PG,78.8,-2.02,147.27,94,75,4.25
222,Lima,PE,68.28,-12.04,-77.03,52,24,2.68
223,Pyt-Yakh,RU,19.63,60.75,72.86,89,64,8.95
224,Kargasok,RU,24.85,59.06,80.86,89,76,6.6
225,Fortuna,US,54.25,40.6,-124.16,50,1,2.35
226,Dingle,PH,76.38,11,122.67,95,80,4.14
227,Binzhou,CN,21.43,37.37,118.02,51,48,3.58
228,Nuuk,GL,23,64.18,-51.72,73,20,19.46
229,Leningradskiy,RU,23.73,69.38,178.42,100,92,34.67
230,Ewa Beach,US,78.35,21.32,-158.01,57,20,10.29
231,Hirado,JP,46.4,33.36,129.55,52,75,18.34
232,Nantucket,US,51.46,41.28,-70.1,76,75,9.17
233,Nyurba,RU,-8.81,63.28,118.33,65,80,5.37
234,Scarborough,GB,39.2,54.28,-0.4,80,0,9.17
235,Tahe,CN,-8.59,52.33,124.73,46,8,7.61
236,Motupe,PE,69.8,-6.15,-79.71,73,40,20.8
237,Tierralta,CO,84.03,8.17,-76.06,70,80,7.72
238,Padang,ID,77.86,-0.95,100.35,100,76,3.36
239,High Rock,BS,80.6,26.62,-78.28,57,20,5.82
240,Annau,TM,44.6,37.89,58.52,70,20,3.36
241,Mayo,US,55.13,38.89,-76.51,71,90,12.75
242,Goldsboro,US,66.22,35.38,-77.99,63,75,11.41
243,Dawei,MM,76.69,14.08,98.2,95,68,2.35
244,Kidal,ML,65.04,18.44,1.41,31,32,7.16
245,Novobirilyussy,RU,21.61,56.95,90.67,85,64,7.83
246,Buzmeyin,TM,44.6,38.05,58.21,70,20,3.36
247,Kulgam,IN,24.18,33.65,75.02,67,36,1.68
248,Tabou,CI,79.17,4.42,-7.35,100,76,9.95
249,Nanortalik,GL,28.68,60.14,-45.24,98,48,32.99
250,Dalvik,IS,17.6,65.97,-18.53,92,40,5.82
251,Avarua,CK,80.6,-21.21,-159.78,78,40,12.75
252,Plainview,US,50.59,40.78,-73.47,76,90,12.75
253,Omboue,GA,78.54,-1.57,9.26,100,68,7.38
254,Arcoverde,BR,82.09,-8.42,-37.05,43,92,4.47
255,Kuching,MY,75.2,1.55,110.33,94,75,1.12
256,Katherine,AU,77,-14.47,132.27,88,32,3.13
257,Lompoc,US,67.69,34.64,-120.46,37,1,9.17
258,Lovington,US,57.2,32.94,-103.35,16,5,14.99
259,Ajdabiya,LY,55.09,30.76,20.23,90,0,7.61
260,Verkhnevilyuysk,RU,-7.06,63.45,120.32,75,48,5.93
261,Big Spring,US,61.84,32.25,-101.48,21,1,21.92
262,Mogadishu,SO,81.91,2.04,45.34,100,0,17.34
263,Pacifica,US,60.35,37.61,-122.49,39,1,8.05
264,Fayaoue,NC,73.99,-20.65,166.53,100,88,12.08
265,Tibati,CM,75.84,6.47,12.63,43,24,6.38
266,Magadan,RU,5,59.57,150.8,100,90,2.91
267,Quatre Cocos,MU,75.2,-20.21,57.76,88,40,5.82
268,Kreminna,UA,31.38,49.05,38.22,93,76,6.26
269,Mar del Plata,AR,60.8,-38,-57.56,48,0,8.05
270,Katsuura,JP,46.4,35.13,140.3,42,40,23.04
271,Krasnotorka,UA,27.42,48.68,37.53,89,48,3.91
272,Nardaran,AZ,55.4,40.56,50.01,87,0,6.93
273,Mount Gambier,AU,65.22,-37.83,140.77,79,0,6.49
274,Svetlyy,RU,37.4,54.67,20.13,93,75,15.66
275,Bagdarin,RU,-24.43,54.43,113.6,31,44,2.46
276,Chacabuco,AR,67.24,-34.64,-60.47,27,0,12.19
277,Mitsamiouli,KM,79.03,-11.38,43.28,100,12,8.95
278,Aksu,CN,25.44,41.12,80.26,78,80,0.34
279,Lerwick,GB,42.8,60.15,-1.15,81,48,19.46
280,Qeshm,IR,63.66,26.96,56.27,48,0,6.93
281,Arraial do Cabo,BR,78.31,-22.97,-42.03,81,64,19.01
282,Saint-Georges,CA,24.72,46.62,-72.66,60,92,2.68
283,Alyangula,AU,83.04,-13.85,136.42,100,12,2.91
284,Benjamin Hill,MX,82.18,30.17,-111.1,29,8,4.7
285,San Patricio,MX,87.8,19.22,-104.7,70,20,11.41
286,Torbay,CA,39.2,47.67,-52.73,100,75,9.17
287,Hami,CN,20.08,42.8,93.45,62,0,6.04
288,Codrington,AU,64,-38.27,141.97,87,0,8.16
289,Eureka,US,54.36,40.8,-124.16,50,1,2.35
290,Hasaki,JP,38.8,35.73,140.83,60,20,11.41
291,Mimongo,GA,68.73,-1.62,11.61,98,64,2.24
292,Blackwater,AU,64.86,-23.58,148.88,100,92,8.61
293,Ostrovnoy,RU,24.04,68.05,39.51,90,80,6.15
294,Klaksvik,FO,39.2,62.23,-6.59,64,68,17.22
295,Callaguip,PH,77,18.07,120.49,94,20,2.24
296,Atikokan,CA,21.84,48.76,-91.62,70,80,8.16
297,Pavlohrad,UA,33.8,48.52,35.87,89,90,6.71
298,Piacabucu,BR,78.85,-10.41,-36.43,68,0,11.41
299,Kokstad,ZA,49.96,-30.55,29.42,52,0,0.34
300,Lavrentiya,RU,31.78,65.58,-171,100,92,31.65
301,Nome,US,26.6,64.5,-165.41,100,90,24.16
302,Ribeira Grande,PT,68,38.52,-28.7,94,75,5.82
303,Taganak,PH,77,6.08,118.3,94,75,2.24
304,Sitka,US,33.73,57.05,-135.33,100,90,8.28
305,Barcelos,PT,47.91,41.54,-8.62,71,0,2.01
306,Fukue,JP,54.78,32.69,128.84,100,32,25.95
307,Nemuro,JP,39.39,43.32,145.57,100,92,19.13
308,Debno,PL,39.84,52.74,14.7,95,64,14.65
309,Waynesboro,US,60.35,38.07,-78.89,50,1,12.75
310,Sandpoint,US,40.44,48.28,-116.55,78,75,4.7
311,Jizan,SA,80.6,16.89,42.55,74,0,5.82
312,Calvinia,ZA,49.69,-31.47,19.78,58,0,2.91
313,Arona,ES,64.92,28.1,-16.68,72,20,12.75
314,Sikar,IN,51.4,27.62,75.15,91,0,6.26
315,Coquimbo,CL,61.03,-29.95,-71.34,92,0,3.36
316,Khandyga,RU,-34.24,62.67,135.6,62,20,2.46
317,San Cristobal,VE,77,7.77,-72.22,94,40,4.7
318,Beyneu,KZ,23.73,45.32,55.2,88,0,8.05
319,Salto,UY,67.11,-31.38,-57.97,54,0,15.99
320,Vestmannaeyjar,IS,25.17,63.44,-20.27,100,0,6.38
321,Turukhansk,RU,-1.93,65.82,87.98,70,80,12.19
322,Prince Rupert,CA,41,54.32,-130.32,86,90,4.7
323,Souillac,MU,75.2,-20.52,57.52,88,40,5.82
324,Ponta Delgada,PT,66.2,37.73,-25.67,82,40,6.93
325,Sao Joao da Barra,BR,78.8,-21.64,-41.05,69,0,25.28
326,Tessalit,ML,61.75,20.2,1.01,25,0,6.71
327,Springdale,US,45.19,36.19,-94.13,65,90,23.04
328,Hoa Binh,VN,69.8,20.81,105.34,68,0,6.93
329,Merauke,ID,77.82,-8.47,140.33,100,44,6.49
330,Fukagawa,JP,21.2,43.71,142.04,92,75,3.36
331,Kieta,PG,80.38,-6.22,155.63,100,0,3.36
332,Komsomolskiy,UZ,39.2,40.43,71.72,60,20,6.93
333,Great Yarmouth,GB,39.2,52.61,1.73,86,24,8.05
334,Evensk,RU,15.63,61.95,159.23,100,0,12.41
335,Kirakira,SB,82.09,-10.45,161.92,100,80,9.4
336,Rohtak,IN,64.4,28.9,76.57,63,40,8.05
337,Tura,IN,63.28,25.52,90.22,92,0,2.68
338,Dekar,BW,64.09,-21.53,21.93,18,0,9.06
339,Akcaabat,TR,55.4,41.02,39.57,62,0,4.7
340,Hernani,ES,42.19,43.27,-1.98,93,0,2.24
341,San Onofre,CO,82.18,9.74,-75.53,82,68,11.52
342,Kendari,ID,76.83,-3.94,122.5,96,64,2.91
343,Kokopo,PG,78.99,-4.35,152.26,100,20,1.9
344,Xining,CN,17.61,36.62,101.77,93,92,2.46
345,Muros,ES,48.2,42.78,-9.06,87,0,3.36
346,Gigmoto,PH,79.71,13.78,124.39,100,64,4.7
347,Loandjili,CG,77,-4.76,11.86,88,20,4.7
348,Beringovskiy,RU,34.3,63.05,179.32,91,76,13.76
349,Aura,FI,37.4,60.62,22.58,93,88,1.12
350,Meadow Lake,US,50.88,34.8,-106.54,11,1,6.93
351,Puerto Quijarro,BO,84.61,-17.78,-57.77,70,92,14.2
352,Vila,PT,53.6,42.03,-8.16,71,0,6.93
353,Djibo,BF,77.14,14.1,-1.63,30,8,11.07
354,Buchanan,LR,78.8,5.88,-10.05,94,40,5.93
355,Daru,PG,78.49,-9.08,143.21,100,80,9.51
356,Rocha,UY,57.93,-34.48,-54.33,55,0,14.43
357,El Astillero,ES,48.2,43.4,-3.82,100,0,1.12
358,Port Lincoln,AU,64.18,-34.73,135.87,91,0,12.97
359,Kwinana,AU,56.05,-32.25,115.77,93,40,6.82
360,Togur,RU,28.63,58.36,82.83,92,80,8.95
361,Yuci,CN,21.2,37.68,112.73,73,12,2.24
362,Saint-Joseph,RE,74.39,-21.37,55.62,83,75,4.7
363,Noumea,NC,75.2,-22.28,166.46,50,0,3.36
364,Kaeo,NZ,57.12,-35.1,173.78,97,76,17.45
365,Goundam,ML,71.74,16.41,-3.67,33,88,10.85
366,Forestville,US,54.99,38.85,-76.88,54,1,5.82
367,Cassilandia,BR,75.43,-19.11,-51.73,96,64,4.7
368,Thyboron,DK,46.99,56.7,8.21,94,92,33.44
369,Mudanya,TR,54.25,40.38,28.88,87,75,1.01
370,Husavik,IS,17.6,66.04,-17.34,92,40,5.82
371,San Policarpo,PH,79.39,12.18,125.51,100,100,7.27
372,San Vicente,AR,70.08,-26.62,-54.13,79,76,7.61
373,Butte,US,33.8,46,-112.53,43,1,5.82
374,Koygorodok,RU,33.76,60.45,51,78,88,8.5
375,Semnan,IR,38.13,35.57,53.4,74,0,3.58
376,Vao,NC,71.11,-22.67,167.48,100,56,12.86
377,Mpika,ZM,72.19,-11.83,31.45,56,44,10.96
378,Corsicana,US,64.36,32.1,-96.47,42,1,23.04
379,Taoudenni,ML,58.96,22.68,-3.98,21,0,8.39
380,Yar-Sale,RU,14.41,66.83,70.83,96,76,8.05
381,Hamilton,CA,45.7,43.23,-79.95,100,90,6.93
382,Gari,RU,24.58,59.43,62.35,94,80,6.15
383,Saint-Augustin,CA,38.35,51.23,-58.65,100,92,16.11
384,Krasnyy Luch,UA,33.63,48.14,38.94,91,24,7.72
385,Aranos,NA,61.03,-24.13,19.12,13,0,6.82
386,Amahai,ID,82.32,-3.33,128.92,100,8,6.15
387,Aykhal,RU,-14.71,66,111.5,63,56,2.91
388,Nalut,LY,43.66,31.87,10.98,85,0,0.78
389,Trairi,BR,80.52,-3.28,-39.27,100,0,18.79
390,Aktash,RU,-2.42,50.3,87.73,67,24,3.13
391,Zabid,YE,70.89,14.2,43.32,79,0,6.82
392,Broome,AU,78.8,-17.97,122.23,83,36,4.59
393,Pavlodar,KZ,32,52.3,76.95,97,90,8.95
394,Shubarshi,KZ,17.43,48.59,57.19,74,32,3.13
395,Paamiut,GL,31.38,61.99,-49.67,100,56,5.82
396,Novi Troyany,UA,36.06,45.94,28.86,99,48,2.91
397,Ampanihy,MG,66.48,-24.7,44.75,69,56,9.28
398,Lasa,IT,27.01,46.62,10.7,78,0,2.24
399,Mosquera,CO,60.8,4.71,-74.23,77,40,10.29
400,Pevek,RU,25.03,69.7,170.31,87,88,9.84
401,Vila Velha,BR,78.8,-20.33,-40.29,74,20,20.8
402,Monrovia,LR,78.8,6.3,-10.8,94,40,7.61
403,Wuda,CN,14.37,39.5,106.71,64,80,2.35
404,Atar,MR,64.86,20.52,-13.05,24,0,6.49
405,Concepcion del Uruguay,AR,67.02,-32.48,-58.24,39,0,13.2
406,Touros,BR,79.98,-5.2,-35.46,76,0,13.2
407,Pilar,BR,77,-9.6,-35.96,83,40,10.29
408,Quelimane,MZ,78.8,-17.88,36.89,83,75,6.93
409,Aguie,NE,73.23,13.51,7.78,58,0,4.14
410,Rio Grande,BR,68,-32.03,-52.1,45,20,23.04
411,Antofagasta,CL,67.51,-23.65,-70.4,71,0,3.91
412,Olympia,US,52.23,47.04,-122.9,62,1,9.17
413,Presidente Venceslau,BR,73.4,-21.88,-51.84,69,0,2.24
414,Kholodnyy,RU,-38.87,62.72,147.95,72,0,2.35
415,Udachnyy,RU,-8.59,66.42,112.4,63,64,3.8
416,Bandarbeyla,SO,80.16,9.49,50.81,100,32,21.25
417,Teseney,ER,70.21,15.11,36.66,50,0,3.91
418,Naze,JP,62.6,28.37,129.48,51,75,12.75
419,Jinchang,CN,17.79,38.5,102.17,77,12,6.93
420,Yamaranguila,HN,82.4,14.28,-88.25,58,1,13.87
421,Xianshuigu,CN,28.4,38.98,117.38,39,0,2.24
422,Vysokogornyy,RU,-16.78,50.12,139.15,68,12,3.13
423,Kalundborg,DK,41,55.68,11.09,86,76,13.87
424,Bahia Blanca,AR,71.2,-38.72,-62.27,44,0,17.67
425,Shimoda,JP,52.48,34.67,138.95,100,48,12.41
426,Aguimes,ES,69.8,27.91,-15.45,73,75,11.41
427,Mangrol,IN,73.81,21.12,70.12,74,0,17.22
428,Birao,CF,83.31,10.28,22.79,43,92,5.59
429,Do Gonbadan,IR,53.6,30.36,50.8,37,0,1.9
430,North Platte,US,48.2,41.12,-100.77,29,1,18.34
431,Palimbang,PH,81.73,6.21,124.19,100,20,1.68
432,Galesong,ID,77,-5.32,119.37,88,20,3.36
433,Neiafu,TO,82.4,-18.65,-173.98,88,40,6.93
434,Am Timan,TD,82.81,11.03,20.28,42,12,6.82
435,Cascais,PT,54.59,38.7,-9.42,51,0,8.05
436,Coracao de Jesus,BR,75.03,-16.69,-44.37,78,24,4.03
437,Hays,US,52.93,38.88,-99.33,25,1,21.92
438,Matara,LK,75.43,5.95,80.54,100,0,3.69
439,La Rioja,ES,42.8,42.25,-2.5,87,0,3.36
440,Trofors,NO,33.8,65.53,13.41,69,64,10.29
441,Molteno,ZA,41.28,-31.4,26.36,55,0,4.47
442,Bilma,NE,61.98,18.69,12.92,32,0,5.7
443,Iwanai,JP,33.09,42.97,140.51,100,80,18.9
444,Tambura,SS,71.34,5.6,27.47,90,12,4.7
445,Buraydah,SA,68,26.33,43.98,37,20,4.7
446,Taree,AU,62.6,-31.9,152.47,93,40,6.93
447,Tjome,NO,33.89,59.11,10.39,99,8,8.05
448,Arlit,NE,72.28,18.74,7.39,37,8,2.68
449,Pokhara,NP,42.54,28.23,83.98,82,0,1.9
450,Petropavlovsk-Kamchatskiy,RU,37.4,53.05,158.65,74,75,15.66
451,Lamar,US,51.8,38.09,-102.62,20,1,9.17
452,Kenai,US,12.2,60.55,-151.26,92,1,7.61
453,Thohoyandou,ZA,64.81,-22.95,30.48,70,0,4.81
454,Durres,AL,51.8,41.32,19.44,87,75,1.12
455,Joshimath,IN,13.38,30.57,79.57,90,88,0.67
456,Weligama,LK,75.43,5.97,80.42,100,0,3.69
457,Aklavik,CA,2.01,68.22,-135.01,84,75,8.05
458,Migori,KE,69.4,-1.06,34.47,82,68,9.62
459,Zapolyarnyy,RU,15.8,69.42,30.81,100,90,5.82
460,Mnogovershinnyy,RU,13.56,53.94,139.92,74,68,8.72
461,Turka,UA,31.47,49.15,23.03,96,76,2.57
462,Whittlesea,ZA,42.72,-32.18,26.82,91,0,2.46
463,Dire,ML,76.24,12.28,-10.97,32,56,5.37
464,Batagay,RU,-20.29,67.63,134.63,57,64,4.25
465,Yerbogachen,RU,-33.61,61.28,108.01,59,0,2.68
466,Osecina,RS,38.21,44.37,19.6,100,90,3.36
467,Marsa Matruh,EG,57.2,31.35,27.25,82,0,6.93
468,Thurso,GB,41.95,58.59,-3.53,75,20,18.34
469,Gamba,GA,74.22,-2.65,10,94,76,3.58
470,Berdigestyakh,RU,-16.78,62.1,126.7,72,44,1.68
471,Channel-Port aux Basques,CA,42.72,47.57,-59.14,100,64,28.74
472,Olinda,BR,78.8,-8.01,-34.86,74,40,6.93
473,Havelock,US,65.35,34.88,-76.9,77,75,9.17
474,Taltal,CL,64.99,-25.4,-70.48,65,0,3.47
475,Nongstoin,IN,60.58,25.52,91.27,95,36,0.22
476,Werda,BW,58.24,-25.27,23.28,30,0,6.38
477,Tzaneen,ZA,54.46,-23.83,30.16,81,8,2.13
478,Pemangkat,ID,76.69,1.17,108.97,98,68,1.68
479,Kungsbacka,SE,41,57.49,12.08,80,75,9.17
480,Aksarka,RU,16.17,66.56,67.8,88,80,3.58
481,Srednekolymsk,RU,-2.06,67.45,153.68,71,80,8.16
482,Bobo-Dioulasso,BF,80.6,11.18,-4.3,36,0,4.7
483,Banamba,ML,73.99,13.55,-7.45,29,92,6.6
484,Vigrestad,NO,42.8,58.57,5.7,81,75,23.04
485,Trinidad,CU,80.6,21.8,-79.98,69,20,10.29
486,Emba,CY,62.06,34.81,32.42,87,0,8.05
487,Bahia de Caraquez,EC,80.6,-0.6,-80.42,69,40,13.87
488,Los Llanos de Aridane,ES,69.8,28.66,-17.92,73,24,1.12
489,Coihaique,CL,50.05,-45.58,-72.07,41,0,9.51
490,Ambilobe,MG,69.49,-13.2,49.05,88,0,4.36
491,Okhotsk,RU,-9.85,59.38,143.3,100,8,9.51
492,Andenes,NO,32,69.31,16.12,100,0,11.41
493,Tashtyp,RU,-2.74,52.79,89.9,46,20,2.35
494,Kattivakkam,IN,80.6,13.22,80.32,94,20,3.47
495,Aberdeen,GB,39.2,57.14,-2.1,80,8,18.34
496,Dabhol,IN,79.26,17.6,73.17,82,88,10.63
497,Inuvik,CA,0.63,68.35,-133.72,84,75,8.05
498,Richards Bay,ZA,67.92,-28.78,32.04,74,0,7.61
499,Erattupetta,IN,78.8,9.7,76.78,83,40,1.9
500,Magan,RU,-40.01,62.11,129.53,65,64,2.24
501,Jacareacanga,BR,82.32,-6.22,-57.75,88,36,0.56
502,Sloboda,RU,29.58,51.14,40.3,91,56,8.39
503,Port Augusta,AU,66.2,-32.5,137.77,77,0,5.82
504,Havre-Saint-Pierre,CA,32,50.23,-63.6,84,75,5.82
505,Mackay,AU,75.2,-21.15,149.2,78,90,3.36
506,Broken Hill,AU,62.88,-31.95,141.43,83,0,11.63
507,Pangkalanbuun,ID,72.19,-2.68,111.62,97,32,3.13
508,Senaki,GE,59,42.27,42.07,51,0,20.8
509,Grande Riviere Sud Est,MU,75.2,-20.29,57.78,88,40,5.82
510,Sechura,PE,72.69,-5.56,-80.82,73,0,14.88
511,Luba,GQ,73.4,3.46,8.55,94,20,4.7
512,Yumen,CN,20.8,40.28,97.2,82,0,9.28
513,Kilrush,IE,46.4,52.64,-9.48,93,75,3.36
514,Porto Velho,BR,86.01,-8.76,-63.9,74,0,3.02
515,Amstetten,AT,41,48.12,14.87,95,75,14.99
516,Aleksandrov Gay,RU,29.22,50.15,48.57,88,48,8.39
517,Banda Aceh,ID,72.96,5.56,95.32,100,24,2.68
518,Ahipara,NZ,59.68,-35.17,173.17,90,88,19.35
519,Santa Cruz,PH,78.8,14.28,121.42,100,20,4.59
520,Lieksa,FI,29.49,63.32,30.02,89,80,2.57
521,Chesma,RU,28.36,53.81,60.65,85,48,11.97
522,Sungaipenuh,ID,65.71,-2.08,101.38,98,88,1.12
523,Reconquista,AR,70.26,-29.15,-59.65,46,0,15.43
524,High Level,CA,8.6,58.52,-117.14,84,75,8.05
525,Dalton,ZA,55.99,-29.34,30.63,72,12,2.13
526,Ulladulla,AU,64.4,-35.35,150.47,72,32,6.93
527,Severnoye,RU,28.68,56.35,78.36,94,92,9.62
528,Aitape,PG,81.55,-3.14,142.35,98,48,7.49
529,Medea,DZ,50,36.26,2.75,93,20,2.35
530,Blackfoot,US,38.23,43.19,-112.34,38,20,4.7
531,Tokur,RU,-23.26,53.13,132.9,63,36,2.35
532,Thinadhoo,MV,83.35,0.53,72.93,100,92,7.83
533,Constitucion,CL,61.17,-35.33,-72.42,76,0,18.34
534,Gravdal,NO,40.06,68.12,13.5,100,8,16.44
535,Todos Santos,MX,90.37,23.45,-110.22,22,5,11.41
536,Zeya,RU,-23.62,53.75,127.27,99,0,2.57
537,Sarany,RU,27.73,58.5,58.88,91,88,11.63
538,Gryazi,RU,31.96,52.5,39.94,96,88,9.4
539,Radebeul,DE,37.4,51.11,13.66,86,75,10.29
540,Gayny,RU,29.76,60.31,54.32,86,36,10.4
541,Miguel Hidalgo,MX,74.25,19.42,-99.2,11,5,8.05
542,Soe,ID,71.29,-9.86,124.28,99,92,0.11
543,Solnechnyy,RU,-10.66,50.72,136.63,71,64,2.57
544,Develi,TR,37.4,38.39,35.49,59,56,1.12
545,Beohari,IN,66.25,24.05,81.38,96,56,4.92
546,Haverfordwest,GB,46.4,51.8,-4.97,93,92,1.12
547,Tadine,NC,70.26,-21.55,167.88,100,92,12.97
548,High Prairie,CA,31.06,55.43,-116.49,74,92,5.59
549,Denpasar,ID,77,-8.65,115.22,94,40,1.12
550,Ixtapa,MX,86,20.7,-105.2,70,5,10.29
551,Khandbari,NP,31.47,27.37,87.2,63,0,1.57
552,Licata,IT,53.6,37.11,13.95,93,20,3.36
553,Zhigansk,RU,-16.78,66.77,123.37,74,44,6.71
554,Starosubkhangulovo,RU,27.96,53.1,57.44,87,88,11.3
555,Liverpool,GB,45.82,53.41,-2.98,75,75,13.87
556,Gazanjyk,TM,43.62,39.24,55.52,94,12,6.6
557,Challakere,IN,69.27,14.32,76.65,95,64,3.24
558,Carman,CA,17.6,49.5,-98,57,1,17.22
559,Gweta,BW,64.41,-20.18,25.23,26,0,6.93
560,Oussouye,SN,76.12,12.48,-16.55,83,0,2.24
561,Siniscola,IT,48.2,40.57,9.69,87,20,1.12
562,Prince George,CA,35.6,53.92,-122.75,69,90,14.99
563,Palana,RU,31.47,59.12,159.97,96,80,16.22
564,Iquique,CL,65.58,-20.22,-70.14,90,0,6.6
565,Mwinilunga,ZM,64.68,-11.74,24.43,91,92,2.24
566,Rancharia,BR,73.4,-22.23,-50.89,69,0,2.24
567,Pangody,RU,1.05,65.85,74.49,82,64,6.93
568,Santa Isabel do Rio Negro,BR,85.06,-0.41,-65.02,76,24,4.14
569,Tawang,IN,35.65,27.58,91.87,66,0,1.34
570,Ikalamavony,MG,60.58,-21.15,46.58,98,76,3.13
571,Nhulunbuy,AU,78.8,-12.23,136.77,94,12,6.38
572,Letlhakane,BW,64.68,-21.42,25.58,53,0,4.92
573,Santa Cruz del Sur,CU,81.55,20.71,-78,73,92,13.65
574,Ca Mau,VN,78.54,9.18,105.15,98,48,5.7
575,Saint Anthony,US,32.59,45.02,-93.22,55,40,17.22
576,Kotelnich,RU,32.14,58.31,48.35,87,88,8.84
577,Grand Gaube,MU,75.2,-20.01,57.66,88,40,5.82
578,Pitimbu,BR,78.8,-7.47,-34.81,78,40,10.29
579,Samarinda,ID,77.41,-0.5,117.15,93,80,1.68
580,Ngunguru,NZ,59.73,-35.62,174.5,100,88,28.86
581,Half Moon Bay,US,60.44,37.46,-122.43,39,1,8.05
582,Shu,KZ,29.71,43.6,73.76,82,92,13.31
583,New Iberia,US,77.38,30,-91.82,88,1,14.99
584,Shunyi,CN,17.6,40.12,116.65,78,0,4.47
585,Carutapera,BR,82.36,-1.2,-46.02,73,64,11.63
586,Yuzhno-Sukhokumsk,RU,47.04,44.66,45.64,98,64,5.59
587,Nereju,RO,39.93,45.72,26.72,96,76,2.57
588,Sorong,ID,84.39,-0.88,131.25,100,92,7.61
589,Cabedelo,BR,78.8,-6.98,-34.83,78,40,10.29
590,Champerico,GT,87.8,14.3,-91.92,52,40,6.93
591,Biltine,TD,73.45,14.53,20.92,26,0,8.72
